b,26-11-2023,9:48,b,b,b,b,b,b
3,26-11-2023,9:48,Adib@hotmail.com,Umi@hotmail.com,Adib@hotmail.com,Adib@hotmail.com,asunto,contenido
4,26-11-2023,9:48,Adonis@hotmail.com,Ulric@hotmail.com,Adonis@hotmail.com,Adonis@hotmail.com,asunto,contenido
j,26-11-2023,9:48,j,j,j,j,j,j
6,26-11-2023,9:48,Agoney@hotmail.com,Tyler@hotmail.com,Agoney@hotmail.com,Agoney@hotmail.com,asunto,contenido
7,26-11-2023,9:48,Alka@hotmail.com,Tulio@hotmail.com,Alka@hotmail.com,Alka@hotmail.com,asunto,contenido
8,26-11-2023,9:48,Álex@hotmail.com,Tristan@hotmail.com,Álex@hotmail.com,Álex@hotmail.com,asunto,contenido
9,26-11-2023,9:48,Anas@hotmail.com,Tito@hotmail.com,Anas@hotmail.com,Anas@hotmail.com,asunto,contenido
10,26-11-2023,9:48,Andrea@hotmail.com,Thiago@hotmail.com,Andrea@hotmail.com,Andrea@hotmail.com,asunto,contenido
11,26-11-2023,9:48,Aran@hotmail.com,Teo@hotmail.com,Aran@hotmail.com,Aran@hotmail.com,asunto,contenido
13,26-11-2023,9:48,Archie@hotmail.com,Siro@hotmail.com,Archie@hotmail.com,Archie@hotmail.com,asunto,contenido
rubi,26-11-2023,9:48,rubi,rubi,rubi,rubi,rubi,rubi
15,26-11-2023,9:48,Astor@hotmail.com,Saúl@hotmail.com,Astor@hotmail.com,Astor@hotmail.com,asunto,contenido
16,26-11-2023,9:48,Axel@hotmail.com,Sam@hotmail.com,Axel@hotmail.com,Axel@hotmail.com,asunto,contenido
8,26-11-2023,9:48,Bastian@hotmail.com,Roque@hotmail.com,Bastian@hotmail.com,Bastian@hotmail.com,asunto,contenido
18,26-11-2023,9:48,rubiduran@hotmail.com,Rómulo@hotmail.com,Bento@hotmail.com,Bento@hotmail.com,Incidencias,corte de carne
19,26-11-2023,9:48,Bentor@hotmail.com,Roi@hotmail.com,Bentor@hotmail.com,Bentor@hotmail.com,asunto,contenido
20,26-11-2023,9:48,Bernabé@hotmail.com,Robin@hotmail.com,Bernabé@hotmail.com,Bernabé@hotmail.com,asunto,contenido
21,26-11-2023,9:48,Bertino@hotmail.com,Radu@hotmail.com,Bertino@hotmail.com,Bertino@hotmail.com,asunto,contenido
22,26-11-2023,9:48,Beñat@hotmail.com,Pol@hotmail.com,Beñat@hotmail.com,Beñat@hotmail.com,asunto,contenido
23,26-11-2023,9:48,Biel@hotmail.com,Poio@hotmail.com,Biel@hotmail.com,Biel@hotmail.com,asunto,contenido
24,26-11-2023,9:48,Blai@hotmail.com,Pierre@hotmail.com,Blai@hotmail.com,Blai@hotmail.com,asunto,contenido
25,26-11-2023,9:48,Blas@hotmail.com,Paul@hotmail.com,Blas@hotmail.com,Blas@hotmail.com,asunto,contenido
26,26-11-2023,9:48,Brais@hotmail.com,Pascal@hotmail.com,Brais@hotmail.com,Brais@hotmail.com,asunto,contenido
27,26-11-2023,9:48,Bran@hotmail.com,París@hotmail.com,Bran@hotmail.com,Bran@hotmail.com,asunto,contenido
28,26-11-2023,9:48,Brandan@hotmail.com,Oto@hotmail.com,Brandan@hotmail.com,Brandan@hotmail.com,asunto,contenido
29,26-11-2023,9:48,Bruno@hotmail.com,Orson@hotmail.com,Bruno@hotmail.com,Bruno@hotmail.com,asunto,contenido
30,26-11-2023,9:48,Caín@hotmail.com,Orlando@hotmail.com,Caín@hotmail.com,Caín@hotmail.com,asunto,contenido
31,26-11-2023,9:48,Camilo@hotmail.com,Omar@hotmail.com,Camilo@hotmail.com,Camilo@hotmail.com,asunto,contenido
32,26-11-2023,9:48,Carel@hotmail.com,Olivier@hotmail.com,Carel@hotmail.com,Carel@hotmail.com,asunto,contenido
33,26-11-2023,9:48,Casper@hotmail.com,Oliver@hotmail.com,Casper@hotmail.com,Casper@hotmail.com,asunto,contenido
34,26-11-2023,9:48,Cesc@hotmail.com,Octavio@hotmail.com,Cesc@hotmail.com,Cesc@hotmail.com,asunto,contenido
35,26-11-2023,9:48,Ciro@hotmail.com,Nuño@hotmail.com,Ciro@hotmail.com,Ciro@hotmail.com,asunto,contenido
36,26-11-2023,9:48,Claude:@hotmail.com,Noel@hotmail.com,Claude:@hotmail.com,Claude:@hotmail.com,asunto,contenido
37,26-11-2023,9:48,Cosme@hotmail.com,Noé@hotmail.com,Cosme@hotmail.com,Cosme@hotmail.com,asunto,contenido
38,26-11-2023,9:48,Cruz@hotmail.com,Nilo@hotmail.com,Cruz@hotmail.com,Cruz@hotmail.com,asunto,contenido
39,26-11-2023,9:48,Dabi@hotmail.com,Nil@hotmail.com,Dabi@hotmail.com,Dabi@hotmail.com,asunto,contenido
40,26-11-2023,9:48,Dagan@hotmail.com,Neo@hotmail.com,Dagan@hotmail.com,Dagan@hotmail.com,asunto,contenido
41,26-11-2023,9:48,Dailos@hotmail.com,Neil@hotmail.com,Dailos@hotmail.com,Dailos@hotmail.com,asunto,contenido
42,26-11-2023,9:48,Damien@hotmail.com,Naim@hotmail.com,Damien@hotmail.com,Damien@hotmail.com,asunto,contenido
43,26-11-2023,9:48,Danilo@hotmail.com,Nael@hotmail.com,Danilo@hotmail.com,Danilo@hotmail.com,asunto,contenido
44,26-11-2023,9:48,Dante@hotmail.com,Nadir@hotmail.com,Dante@hotmail.com,Dante@hotmail.com,asunto,contenido
45,26-11-2023,9:48,Darío@hotmail.com,Nadal@hotmail.com,Darío@hotmail.com,Darío@hotmail.com,asunto,contenido
46,26-11-2023,9:48,Denis@hotmail.com,Milán@hotmail.com,Denis@hotmail.com,Denis@hotmail.com,asunto,contenido
47,26-11-2023,9:48,Denzo@hotmail.com,Max@hotmail.com,Denzo@hotmail.com,Denzo@hotmail.com,asunto,contenido
48,26-11-2023,9:48,Diego@hotmail.com,Maties@hotmail.com,Diego@hotmail.com,Diego@hotmail.com,asunto,contenido
49,26-11-2023,9:48,Dylan@hotmail.com,Marco@hotmail.com,Dylan@hotmail.com,Dylan@hotmail.com,asunto,contenido
50,26-11-2023,9:48,Einar@hotmail.com,Marcel@hotmail.com,Einar@hotmail.com,Einar@hotmail.com,asunto,contenido
51,26-11-2023,9:48,Elián@hotmail.com,Malik@hotmail.com,Elián@hotmail.com,Elián@hotmail.com,asunto,contenido
52,26-11-2023,9:48,Émile@hotmail.com,Mael@hotmail.com,Émile@hotmail.com,Émile@hotmail.com,asunto,contenido
53,26-11-2023,9:48,Emmanuel@hotmail.com,Luca@hotmail.com,Emmanuel@hotmail.com,Emmanuel@hotmail.com,asunto,contenido
54,26-11-2023,9:48,Eneko@hotmail.com,Luc@hotmail.com,Eneko@hotmail.com,Eneko@hotmail.com,asunto,contenido
55,26-11-2023,9:48,Enio@hotmail.com,Lionel@hotmail.com,Enio@hotmail.com,Enio@hotmail.com,asunto,contenido
56,26-11-2023,9:48,Enzo@hotmail.com,Liam@hotmail.com,Enzo@hotmail.com,Enzo@hotmail.com,asunto,contenido
57,26-11-2023,9:48,Esko@hotmail.com,León@hotmail.com,Esko@hotmail.com,Esko@hotmail.com,asunto,contenido
58,26-11-2023,9:48,Eric@hotmail.com,Lai@hotmail.com,Eric@hotmail.com,Eric@hotmail.com,asunto,contenido
59,26-11-2023,9:48,Eros@hotmail.com,Kepa@hotmail.com,Eros@hotmail.com,Eros@hotmail.com,asunto,contenido
60,26-11-2023,9:48,Esteve@hotmail.com,Kamal@hotmail.com,Esteve@hotmail.com,Esteve@hotmail.com,asunto,contenido
61,26-11-2023,9:48,Ezra@hotmail.com,Jules@hotmail.com,Ezra@hotmail.com,Ezra@hotmail.com,asunto,contenido
62,26-11-2023,9:48,Fabio@hotmail.com,Jonás@hotmail.com,Fabio@hotmail.com,Fabio@hotmail.com,asunto,contenido
63,26-11-2023,9:48,Félix@hotmail.com,Jon@hotmail.com,Félix@hotmail.com,Félix@hotmail.com,asunto,contenido
64,26-11-2023,9:48,Flavio@hotmail.com,Joel@hotmail.com,Flavio@hotmail.com,Flavio@hotmail.com,asunto,contenido
65,26-11-2023,9:48,Gadiel@hotmail.com,Jean@hotmail.com,Gadiel@hotmail.com,Gadiel@hotmail.com,asunto,contenido
66,26-11-2023,9:48,Gael@hotmail.com,Jared@hotmail.com,Gael@hotmail.com,Gael@hotmail.com,asunto,contenido
67,26-11-2023,9:48,Galip@hotmail.com,Jan@hotmail.com,Galip@hotmail.com,Galip@hotmail.com,asunto,contenido
68,26-11-2023,9:48,Gaston@hotmail.com,Jairo@hotmail.com,Gaston@hotmail.com,Gaston@hotmail.com,asunto,contenido
69,26-11-2023,9:48,Gérard@hotmail.com,Izan@hotmail.com,Gérard@hotmail.com,Gérard@hotmail.com,asunto,contenido
70,26-11-2023,9:48,Goio@hotmail.com,Íker@hotmail.com,Goio@hotmail.com,Goio@hotmail.com,asunto,contenido
71,26-11-2023,9:48,Goran@hotmail.com,Igor@hotmail.com,Goran@hotmail.com,Goran@hotmail.com,asunto,contenido
72,26-11-2023,9:48,Guido@hotmail.com,Ian@hotmail.com,Guido@hotmail.com,Guido@hotmail.com,asunto,contenido
73,26-11-2023,9:48,Haize@hotmail.com,Hugo@hotmail.com,Haize@hotmail.com,Haize@hotmail.com,asunto,contenido
74,26-11-2023,9:48,Hermes@hotmail.com,Hesper@hotmail.com,Hermes@hotmail.com,Hermes@hotmail.com,asunto,contenido
75,26-11-2023,9:48,Hernan@hotmail.com,Herodes@hotmail.com,Hernan@hotmail.com,Hernan@hotmail.com,asunto,contenido
76,26-11-2023,9:48,Herodes@hotmail.com,Hernan@hotmail.com,Herodes@hotmail.com,Herodes@hotmail.com,asunto,contenido
77,26-11-2023,9:48,Hesper@hotmail.com,Hermes@hotmail.com,Hesper@hotmail.com,Hesper@hotmail.com,asunto,contenido
78,26-11-2023,9:48,Hugo@hotmail.com,Haize@hotmail.com,Hugo@hotmail.com,Hugo@hotmail.com,asunto,contenido
79,26-11-2023,9:48,Ian@hotmail.com,Guido@hotmail.com,Ian@hotmail.com,Ian@hotmail.com,asunto,contenido
80,26-11-2023,9:48,Igor@hotmail.com,Goran@hotmail.com,Igor@hotmail.com,Igor@hotmail.com,asunto,contenido
81,26-11-2023,9:48,Íker@hotmail.com,Goio@hotmail.com,Íker@hotmail.com,Íker@hotmail.com,asunto,contenido
82,26-11-2023,9:48,Izan@hotmail.com,Gérard@hotmail.com,Izan@hotmail.com,Izan@hotmail.com,asunto,contenido
83,26-11-2023,9:48,Jairo@hotmail.com,Gaston@hotmail.com,Jairo@hotmail.com,Jairo@hotmail.com,asunto,contenido
84,26-11-2023,9:48,Jan@hotmail.com,Galip@hotmail.com,Jan@hotmail.com,Jan@hotmail.com,asunto,contenido
85,26-11-2023,9:48,Jared@hotmail.com,Gael@hotmail.com,Jared@hotmail.com,Jared@hotmail.com,asunto,contenido
86,26-11-2023,9:48,Jean@hotmail.com,Gadiel@hotmail.com,Jean@hotmail.com,Jean@hotmail.com,asunto,contenido
87,26-11-2023,9:48,Joel@hotmail.com,Flavio@hotmail.com,Joel@hotmail.com,Joel@hotmail.com,asunto,contenido
88,26-11-2023,9:48,Jon@hotmail.com,Félix@hotmail.com,Jon@hotmail.com,Jon@hotmail.com,asunto,contenido
89,26-11-2023,9:48,Jonás@hotmail.com,Fabio@hotmail.com,Jonás@hotmail.com,Jonás@hotmail.com,asunto,contenido
90,26-11-2023,9:48,Jules@hotmail.com,Ezra@hotmail.com,Jules@hotmail.com,Jules@hotmail.com,asunto,contenido
91,26-11-2023,9:48,Kamal@hotmail.com,Esteve@hotmail.com,Kamal@hotmail.com,Kamal@hotmail.com,asunto,contenido
92,26-11-2023,9:48,Kepa@hotmail.com,Esko@hotmail.com,Kepa@hotmail.com,Kepa@hotmail.com,asunto,contenido
92,26-11-2023,9:48,Kepa@hotmail.com,Esko@hotmail.com,Kepa@hotmail.com,Kepa@hotmail.com,asunto,contenido
93,26-11-2023,9:48,Lai@hotmail.com,Eros@hotmail.com,Lai@hotmail.com,Lai@hotmail.com,asunto,contenido
94,26-11-2023,9:48,León@hotmail.com,Eric@hotmail.com,León@hotmail.com,León@hotmail.com,asunto,contenido
95,26-11-2023,9:48,Liam@hotmail.com,Enzo@hotmail.com,Liam@hotmail.com,Liam@hotmail.com,asunto,contenido
96,26-11-2023,9:48,Lionel@hotmail.com,Enio@hotmail.com,Lionel@hotmail.com,Lionel@hotmail.com,asunto,contenido
97,26-11-2023,9:48,Luc@hotmail.com,Eneko@hotmail.com,Luc@hotmail.com,Luc@hotmail.com,asunto,contenido
98,26-11-2023,9:48,Luca@hotmail.com,Emmanuel@hotmail.com,Luca@hotmail.com,Luca@hotmail.com,asunto,contenido
99,26-11-2023,9:48,Mael@hotmail.com,Émile@hotmail.com,Mael@hotmail.com,Mael@hotmail.com,asunto,contenido
100,26-11-2023,9:48,Malik@hotmail.com,Elián@hotmail.com,Malik@hotmail.com,Malik@hotmail.com,asunto,contenido
101,26-11-2023,9:48,Marcel@hotmail.com,Einar@hotmail.com,Marcel@hotmail.com,Marcel@hotmail.com,asunto,contenido
102,26-11-2023,9:48,Marco@hotmail.com,Dylan@hotmail.com,Marco@hotmail.com,Marco@hotmail.com,asunto,contenido
103,26-11-2023,9:48,Maties@hotmail.com,Diego@hotmail.com,Maties@hotmail.com,Maties@hotmail.com,asunto,contenido
104,26-11-2023,9:48,Max@hotmail.com,Denzo@hotmail.com,Max@hotmail.com,Max@hotmail.com,asunto,contenido
105,26-11-2023,9:48,Milán@hotmail.com,Denis@hotmail.com,Milán@hotmail.com,Milán@hotmail.com,asunto,contenido
106,26-11-2023,9:48,Nadal@hotmail.com,Darío@hotmail.com,Nadal@hotmail.com,Nadal@hotmail.com,asunto,contenido
107,26-11-2023,9:48,Nadir@hotmail.com,Dante@hotmail.com,Nadir@hotmail.com,Nadir@hotmail.com,asunto,contenido
108,26-11-2023,9:48,Nael@hotmail.com,Danilo@hotmail.com,Nael@hotmail.com,Nael@hotmail.com,asunto,contenido
109,26-11-2023,9:48,Naim@hotmail.com,Damien@hotmail.com,Naim@hotmail.com,Naim@hotmail.com,asunto,contenido
110,26-11-2023,9:48,Neil@hotmail.com,Dailos@hotmail.com,Neil@hotmail.com,Neil@hotmail.com,asunto,contenido
111,26-11-2023,9:48,Neo@hotmail.com,Dagan@hotmail.com,Neo@hotmail.com,Neo@hotmail.com,asunto,contenido
112,26-11-2023,9:48,Nil@hotmail.com,Dabi@hotmail.com,Nil@hotmail.com,Nil@hotmail.com,asunto,contenido
113,26-11-2023,9:48,Nilo@hotmail.com,Cruz@hotmail.com,Nilo@hotmail.com,Nilo@hotmail.com,asunto,contenido
114,26-11-2023,9:48,Noé@hotmail.com,Cosme@hotmail.com,Noé@hotmail.com,Noé@hotmail.com,asunto,contenido
115,26-11-2023,9:48,Francsico,Francisco,Francisco,Francisco,Francisco,Francisco
116,26-11-2023,9:48,Nuño@hotmail.com,Ciro@hotmail.com,Nuño@hotmail.com,Nuño@hotmail.com,asunto,contenido
117,26-11-2023,9:48,Octavio@hotmail.com,Cesc@hotmail.com,Octavio@hotmail.com,Octavio@hotmail.com,asunto,contenido
118,26-11-2023,9:48,Oliver@hotmail.com,Casper@hotmail.com,Oliver@hotmail.com,Oliver@hotmail.com,asunto,contenido
119,26-11-2023,9:48,Olivier@hotmail.com,Carel@hotmail.com,Olivier@hotmail.com,Olivier@hotmail.com,asunto,contenido
120,26-11-2023,9:48,Orlando@hotmail.com,Camilo@hotmail.com,Orlando@hotmail.com,Orlando@hotmail.com,asunto,contenido
121,26-11-2023,9:48,Omar@hotmail.com,Caín@hotmail.com,Omar@hotmail.com,Omar@hotmail.com,asunto,contenido
122,26-11-2023,9:48,Orson@hotmail.com,Bruno@hotmail.com,Orson@hotmail.com,Orson@hotmail.com,asunto,contenido
123,26-11-2023,9:48,Oto@hotmail.com,Brandan@hotmail.com,Oto@hotmail.com,Oto@hotmail.com,asunto,contenido
124,26-11-2023,9:48,París@hotmail.com,Bran@hotmail.com,París@hotmail.com,París@hotmail.com,asunto,contenido
125,26-11-2023,9:48,Pascal@hotmail.com,Brais@hotmail.com,Pascal@hotmail.com,Pascal@hotmail.com,asunto,contenido
126,26-11-2023,9:48,Paul@hotmail.com,Blas@hotmail.com,Paul@hotmail.com,Paul@hotmail.com,asunto,contenido
127,26-11-2023,9:48,Pierre@hotmail.com,Blai@hotmail.com,Pierre@hotmail.com,Pierre@hotmail.com,asunto,contenido
128,26-11-2023,9:48,rubiduran@hotmail.com,Biel@hotmail.com,Poio@hotmail.com,Poio@hotmail.com,encuesta,climalaboral
129,26-11-2023,9:48,Pol@hotmail.com,Bertino@hotmail.com,Pol@hotmail.com,Pol@hotmail.com,asunto,contenido
130,26-11-2023,9:48,Radu@hotmail.com,Bernabé@hotmail.com,Radu@hotmail.com,Radu@hotmail.com,asunto,contenido
131,26-11-2023,9:48,Robin@hotmail.com,Beñat@hotmail.com,Robin@hotmail.com,Robin@hotmail.com,asunto,contenido
132,26-11-2023,9:48,Roi@hotmail.com,Bentor@hotmail.com,Roi@hotmail.com,Roi@hotmail.com,asunto,contenido
133,26-11-2023,9:48,Rómulo@hotmail.com,Bento@hotmail.com,Rómulo@hotmail.com,Rómulo@hotmail.com,asunto,contenido
1234431,26-11-2023,9:48,tt,tt,tt,tt,tt,tt
